sale_id,product_id,date,quantity,total_price,batch_expiry_date,remaining_stock,warehouse_occupancy_rate
1,28,2024-01-01,1,57.36,2025-02-23,0,23.400000000000002
2,12,2024-01-01,3,106.97999999999999,2025-07-03,6,85.39999999999999
3,22,2024-01-02,3,94.56,2025-07-04,1,84.8
4,29,2024-01-02,1,19.66,2025-08-31,0,84.2
5,8,2024-01-02,6,536.0999999999999,2025-02-22,28,84.0
6,1,2024-01-02,8,1193.28,2025-02-28,23,82.8
7,8,2024-01-03,8,714.8,2025-06-15,20,81.2
8,30,2024-01-03,1,26.93,2025-04-10,3,79.60000000000001
9,9,2024-01-03,8,925.52,2025-05-25,6,79.4
10,22,2024-01-04,1,31.52,2025-07-04,0,77.8
11,27,2024-01-04,1,35.49,2025-09-03,1,77.60000000000001
12,30,2024-01-04,1,26.93,2025-04-10,2,77.4
13,20,2024-01-04,3,216.93,2025-05-18,7,77.2
14,23,2024-01-04,3,409.91999999999996,2025-02-24,7,76.6
15,1,2024-01-05,8,1193.28,2025-02-28,15,76.0
16,9,2024-01-06,6,694.14,2025-05-25,0,74.4
17,10,2024-01-06,8,1090.8,2025-04-15,2,73.2
18,19,2024-01-06,3,173.52,2025-08-03,3,71.6
19,5,2024-01-06,8,626.88,2025-04-01,32,71.0
20,11,2024-01-06,3,64.26,2025-07-20,6,69.39999999999999
21,12,2024-01-07,3,106.97999999999999,2025-07-03,3,68.8
22,30,2024-01-07,1,26.93,2025-04-10,1,68.2
23,17,2024-01-07,3,259.86,2025-04-29,3,68.0
24,13,2024-01-07,3,394.89,2025-09-04,4,67.4
25,2,2024-01-07,8,498.24,2025-03-17,21,66.8
26,5,2024-01-07,8,626.88,2025-04-01,24,65.2
27,27,2024-01-07,1,35.49,2025-09-03,0,63.6
28,4,2024-01-07,8,570.0,2025-06-17,39,63.4
29,16,2024-01-07,3,340.95000000000005,2025-04-18,0,61.8
30,24,2024-01-08,3,133.85999999999999,2025-04-06,6,61.199999999999996
31,17,2024-01-08,3,259.86,2025-04-29,0,60.6
32,23,2024-01-08,3,409.91999999999996,2025-02-24,4,60.0
33,19,2024-01-08,3,173.52,2025-08-03,0,59.4
34,10,2024-01-09,2,272.7,2025-04-15,0,58.8
35,2,2024-01-09,6,373.68,2025-03-17,15,58.4
36,7,2024-01-10,8,361.92,2025-03-15,44,57.199999999999996
37,4,2024-01-11,8,570.0,2025-06-17,31,55.60000000000001
38,30,2024-01-11,1,26.93,2025-04-10,0,54.0
39,18,2024-01-11,3,259.71,2025-04-14,2,53.800000000000004
40,25,2024-01-12,3,325.62,2025-03-29,0,53.2
41,5,2024-01-12,1,78.36,2025-04-01,23,52.6
42,3,2024-01-12,8,413.2,2025-03-30,29,52.400000000000006
43,23,2024-01-13,3,409.91999999999996,2025-02-24,1,50.8
44,8,2024-01-15,8,714.8,2025-06-15,12,50.2
45,2,2024-01-15,8,498.24,2025-05-13,7,48.6
46,3,2024-01-17,4,206.6,2025-03-30,25,47.0
47,18,2024-01-17,2,173.14,2025-04-14,0,46.2
48,13,2024-01-17,3,394.89,2025-09-04,1,45.800000000000004
49,8,2024-01-17,8,714.8,2025-06-15,4,45.2
50,5,2024-01-18,8,626.88,2025-08-29,15,43.6
51,2,2024-01-19,7,435.96000000000004,2025-05-13,0,42.0
52,5,2024-01-19,8,626.88,2025-08-29,7,40.6
53,6,2024-01-20,8,823.04,2025-02-17,14,39.0
54,11,2024-01-20,3,64.26,2025-07-20,3,37.4
55,5,2024-01-20,7,548.52,2025-08-29,0,36.8
56,6,2024-01-21,3,308.64,2025-02-17,11,35.4
57,6,2024-01-21,8,823.04,2025-05-15,3,34.8
58,8,2024-01-21,4,357.4,2025-06-15,0,33.2
59,7,2024-01-22,8,361.92,2025-03-15,36,32.4
60,26,2024-01-23,1,65.16,2025-03-21,0,30.8
61,4,2024-01-23,8,570.0,2025-06-17,23,30.599999999999998
62,13,2024-01-24,1,131.63,2025-09-04,0,28.999999999999996
63,1,2024-01-24,5,745.8,2025-02-28,10,28.799999999999997
64,14,2024-01-25,3,34.32,2025-03-05,4,27.800000000000004
65,3,2024-01-25,8,413.2,2025-05-02,17,27.200000000000003
66,20,2024-01-26,3,216.93,2025-05-18,4,25.6
67,7,2024-01-26,8,361.92,2025-03-15,28,25.0
68,24,2024-01-27,3,133.85999999999999,2025-04-06,3,23.400000000000002
69,23,2024-01-28,1,136.64,2025-02-24,0,22.8
70,4,2024-01-28,2,142.5,2025-06-17,21,22.6
71,6,2024-01-28,3,308.64,2025-05-15,0,22.2
72,20,2024-01-28,3,216.93,2025-05-18,1,21.6
73,12,2024-01-28,3,106.97999999999999,2025-07-03,0,21.0
74,11,2024-01-28,3,64.26,2025-07-20,0,20.4
75,3,2024-01-29,8,413.2,2025-05-02,9,19.8
76,14,2024-01-29,3,34.32,2025-03-05,1,18.2
77,21,2024-01-30,3,237.42000000000002,2025-07-28,7,17.599999999999998
78,3,2024-01-30,8,413.2,2025-05-02,1,17.0
79,21,2024-01-31,3,237.42000000000002,2025-07-28,4,15.4
80,21,2024-01-31,3,237.42000000000002,2025-07-28,1,14.799999999999999
81,1,2024-01-31,8,1193.28,2025-03-11,2,14.2
82,4,2024-02-01,8,570.0,2025-08-23,13,12.6
83,24,2024-02-02,3,133.85999999999999,2025-04-06,0,11.0
84,21,2024-02-02,1,79.14,2025-07-28,0,10.4
85,15,2024-02-02,3,141.45,2025-08-14,2,10.2
86,3,2024-02-02,1,51.65,2025-05-02,0,9.6
87,7,2024-02-02,8,361.92,2025-04-12,20,9.4
88,4,2024-02-03,8,570.0,2025-08-23,5,7.8
89,4,2024-02-03,5,356.25,2025-08-23,0,6.2
90,20,2024-02-04,1,72.31,2025-05-18,0,5.2
91,1,2024-02-04,2,298.32,2025-03-11,0,5.0
92,14,2024-02-04,1,11.44,2025-03-05,0,4.6
93,7,2024-02-04,8,361.92,2025-04-12,12,4.3999999999999995
94,7,2024-02-04,8,361.92,2025-04-12,4,2.8000000000000003
95,15,2024-02-04,2,94.3,2025-08-14,0,1.2
96,7,2024-02-04,4,180.96,2025-04-12,0,0.8
97,6,2024-02-05,8,823.04,2024-08-13,14,0.0
98,16,2024-02-06,3,340.95000000000005,2024-09-21,0,84.0
99,1,2024-02-06,8,1193.28,2024-09-26,23,83.39999999999999
100,1,2024-02-07,8,1193.28,2024-09-26,15,81.8
101,12,2024-02-08,3,106.97999999999999,2024-09-29,6,80.2
102,27,2024-02-09,1,35.49,2024-09-14,1,79.60000000000001
103,8,2024-02-09,8,714.8,2024-09-22,26,79.4
104,18,2024-02-10,3,259.71,2024-09-09,2,77.8
105,25,2024-02-11,3,325.62,2024-08-18,0,77.2
106,3,2024-02-11,8,413.2,2024-08-18,29,76.6
107,1,2024-02-13,8,1193.28,2024-09-26,7,75.0
108,11,2024-02-14,3,64.26,2024-08-19,6,73.4
109,13,2024-02-14,3,394.89,2024-10-01,4,72.8
110,23,2024-02-14,3,409.91999999999996,2024-09-19,7,72.2
111,17,2024-02-15,3,259.86,2024-09-04,3,71.6
112,20,2024-02-15,3,216.93,2024-09-30,7,71.0
113,4,2024-02-15,8,570.0,2024-09-20,39,70.39999999999999
114,9,2024-02-16,8,925.52,2024-08-20,6,68.8
115,21,2024-02-17,3,237.42000000000002,2024-09-25,7,67.2
116,10,2024-02-17,8,1090.8,2024-08-30,2,66.60000000000001
117,15,2024-02-17,3,141.45,2024-09-01,2,65.0
118,23,2024-02-18,3,409.91999999999996,2024-09-19,4,64.4
119,21,2024-02-18,3,237.42000000000002,2024-09-25,4,63.800000000000004
120,5,2024-02-18,8,626.88,2024-09-06,32,63.2
121,29,2024-02-18,1,19.66,2024-09-20,0,61.6
122,2,2024-02-18,8,498.24,2024-09-17,21,61.4
123,4,2024-02-19,8,570.0,2024-09-20,31,59.8
124,27,2024-02-20,1,35.49,2024-09-14,0,58.199999999999996
125,4,2024-02-20,8,570.0,2024-09-20,23,57.99999999999999
126,3,2024-02-21,8,413.2,2024-08-18,21,56.39999999999999
127,4,2024-02-22,8,570.0,2024-09-20,15,54.800000000000004
128,3,2024-02-23,8,413.2,2024-08-18,13,53.2
129,19,2024-02-24,3,173.52,2024-08-16,3,51.6
130,4,2024-02-24,8,570.0,2024-09-20,7,51.0
131,3,2024-02-24,8,413.2,2024-08-18,5,49.4
132,8,2024-02-25,8,714.8,2024-09-22,18,47.8
133,26,2024-02-26,1,65.16,2024-08-20,0,46.2
134,10,2024-02-26,2,272.7,2024-08-30,0,46.0
135,15,2024-02-26,2,94.3,2024-09-01,0,45.6
136,30,2024-02-27,1,26.93,2024-08-04,3,45.2
137,3,2024-02-27,5,258.25,2024-08-18,0,45.0
138,6,2024-02-28,8,823.04,2024-08-13,6,44.0
139,4,2024-02-29,7,498.75,2024-09-20,0,42.4
140,28,2024-03-01,1,57.36,2024-08-25,0,41.0
141,1,2024-03-02,7,1044.12,2024-09-26,0,40.8
142,9,2024-03-02,6,694.14,2024-08-20,0,39.4
143,22,2024-03-02,3,94.56,2024-09-30,1,38.2
144,6,2024-03-02,6,617.28,2024-08-13,0,37.6
145,18,2024-03-03,2,173.14,2024-09-09,0,36.4
146,21,2024-03-03,3,237.42000000000002,2024-09-25,1,36.0
147,19,2024-03-03,3,173.52,2024-08-16,0,35.4
148,21,2024-03-03,1,79.14,2024-09-25,0,34.8
149,22,2024-03-03,1,31.52,2024-09-30,0,34.599999999999994
150,12,2024-03-03,3,106.97999999999999,2024-09-29,3,34.4
151,20,2024-03-03,3,216.93,2024-09-30,4,33.800000000000004
152,25,2024-03-05,3,325.62,2024-10-02,0,33.2
153,1,2024-03-05,8,1193.28,2024-10-06,23,85.0
154,22,2024-03-06,3,94.56,2024-08-31,1,83.39999999999999
155,4,2024-03-06,8,570.0,2024-09-21,39,82.8
156,29,2024-03-07,1,19.66,2024-09-05,0,81.2
157,21,2024-03-07,3,237.42000000000002,2024-09-25,7,81.0
158,13,2024-03-07,3,394.89,2024-09-22,4,80.4
159,2,2024-03-07,8,498.24,2024-09-17,21,79.80000000000001
160,16,2024-03-08,3,340.95000000000005,2024-09-25,0,78.2
161,21,2024-03-09,3,237.42000000000002,2024-09-25,4,77.60000000000001
162,3,2024-03-09,8,413.2,2024-09-24,29,77.0
163,21,2024-03-10,3,237.42000000000002,2024-09-25,1,75.4
164,24,2024-03-10,3,133.85999999999999,2024-08-09,6,74.8
165,1,2024-03-11,8,1193.28,2024-10-06,15,74.2
166,23,2024-03-12,3,409.91999999999996,2024-09-19,7,72.6
167,11,2024-03-14,3,64.26,2024-08-19,6,72.0
168,6,2024-03-14,8,823.04,2024-10-08,14,71.39999999999999
169,28,2024-03-15,1,57.36,2024-09-05,0,69.8
170,15,2024-03-15,3,141.45,2024-09-13,2,69.6
171,2,2024-03-16,8,498.24,2024-09-17,13,69.0
172,13,2024-03-17,3,394.89,2024-10-01,1,67.4
173,6,2024-03-17,8,823.04,2024-10-08,6,66.8
174,18,2024-03-18,3,259.71,2024-10-24,2,65.2
175,6,2024-03-18,6,617.28,2024-10-08,0,64.60000000000001
176,5,2024-03-19,8,626.88,2024-09-06,32,63.4
177,14,2024-03-20,3,34.32,2024-08-15,4,61.8
178,19,2024-03-20,3,173.52,2024-10-26,3,61.199999999999996
179,23,2024-03-21,1,136.64,2024-09-19,6,60.6
180,22,2024-03-21,1,31.52,2024-08-31,0,60.4
181,30,2024-03-21,1,26.93,2024-08-04,3,60.199999999999996
182,14,2024-03-21,3,34.32,2024-08-15,1,60.0
183,7,2024-03-22,8,361.92,2024-08-09,44,59.4
184,27,2024-03-23,1,35.49,2024-09-30,1,57.8
185,11,2024-03-23,3,64.26,2024-08-19,3,57.599999999999994
186,2,2024-03-23,5,311.4,2024-09-17,8,56.99999999999999
187,11,2024-03-23,3,64.26,2024-09-29,0,56.00000000000001
188,24,2024-03-23,3,133.85999999999999,2024-08-09,3,55.400000000000006
189,19,2024-03-23,3,173.52,2024-10-26,0,54.800000000000004
190,30,2024-03-24,1,26.93,2024-08-04,2,54.2
191,15,2024-03-24,2,94.3,2024-09-13,0,54.0
192,3,2024-03-24,8,413.2,2024-09-24,21,53.6
193,13,2024-03-24,1,131.63,2024-10-01,0,52.0
194,21,2024-03-24,1,79.14,2024-09-25,0,51.800000000000004
195,1,2024-03-24,8,1193.28,2024-10-06,7,51.6
196,12,2024-03-25,3,106.97999999999999,2024-09-26,6,50.0
197,4,2024-03-25,8,570.0,2024-09-21,31,49.4
198,27,2024-03-26,1,35.49,2024-09-30,0,47.8
199,10,2024-03-26,8,1090.8,2024-09-16,2,47.599999999999994
200,17,2024-03-27,3,259.86,2024-08-31,3,46.0
201,5,2024-03-28,8,626.88,2024-09-06,24,45.4
202,9,2024-03-29,8,925.52,2024-10-11,6,43.8
203,1,2024-03-30,7,1044.12,2024-10-06,0,42.199999999999996
204,24,2024-03-31,3,133.85999999999999,2024-08-09,0,40.8
205,18,2024-03-31,2,173.14,2024-10-24,0,40.2
206,4,2024-04-01,8,570.0,2024-09-21,39,39.800000000000004
207,25,2024-04-02,3,325.62,2024-10-09,0,84.0
208,8,2024-04-03,8,714.8,2024-09-22,26,83.39999999999999
209,24,2024-04-04,3,133.85999999999999,2024-11-02,6,81.8
210,3,2024-04-06,8,413.2,2024-09-24,29,81.2
211,29,2024-04-06,1,19.66,2024-11-23,0,79.60000000000001
212,2,2024-04-06,8,498.24,2024-10-08,21,79.4
213,13,2024-04-07,3,394.89,2024-10-07,4,77.8
214,10,2024-04-07,2,272.7,2024-09-16,8,77.2
215,8,2024-04-07,8,714.8,2024-09-22,18,76.8
216,12,2024-04-07,3,106.97999999999999,2024-09-26,6,75.2
217,11,2024-04-07,3,64.26,2024-10-26,6,74.6
218,13,2024-04-07,3,394.89,2024-10-07,1,74.0
219,13,2024-04-07,1,131.63,2024-10-07,0,73.4
220,21,2024-04-07,3,237.42000000000002,2024-10-21,7,73.2
221,14,2024-04-08,1,11.44,2024-08-15,6,72.6
222,5,2024-04-08,8,626.88,2024-09-06,32,72.39999999999999
223,16,2024-04-09,3,340.95000000000005,2024-11-25,0,70.8
224,10,2024-04-10,8,1090.8,2024-11-08,0,70.19999999999999
225,2,2024-04-12,8,498.24,2024-10-16,13,68.60000000000001
226,6,2024-04-14,8,823.04,2024-11-01,14,67.0
227,27,2024-04-15,1,35.49,2024-11-26,1,65.4
228,7,2024-04-15,8,361.92,2024-08-09,44,65.2
229,28,2024-04-16,1,57.36,2024-10-03,0,63.6
230,1,2024-04-16,8,1193.28,2024-10-10,23,63.4
231,18,2024-04-17,3,259.71,2024-10-18,2,61.8
232,5,2024-04-17,8,626.88,2024-09-06,24,61.199999999999996
233,23,2024-04-18,3,409.91999999999996,2024-10-07,7,59.599999999999994
234,22,2024-04-18,3,94.56,2024-10-30,1,59.0
235,30,2024-04-19,1,26.93,2024-08-04,3,58.4
236,14,2024-04-19,3,34.32,2024-09-28,3,58.199999999999996
237,21,2024-04-19,3,237.42000000000002,2024-10-21,4,57.599999999999994
238,20,2024-04-20,3,216.93,2024-09-04,7,56.99999999999999
239,1,2024-04-20,8,1193.28,2024-10-10,15,56.39999999999999
240,15,2024-04-20,3,141.45,2024-11-03,2,54.800000000000004
241,1,2024-04-21,8,1193.28,2024-10-10,7,54.2
242,4,2024-04-22,8,570.0,2024-09-21,31,52.6
243,18,2024-04-23,2,173.14,2024-10-18,0,51.0
244,5,2024-04-23,8,626.88,2024-10-23,16,50.6
245,24,2024-04-24,3,133.85999999999999,2024-11-02,3,49.0
246,7,2024-04-25,8,361.92,2024-08-09,36,48.4
247,17,2024-04-26,3,259.86,2024-09-04,3,46.800000000000004
248,12,2024-04-27,3,106.97999999999999,2024-09-29,3,46.2
249,9,2024-04-27,6,694.14,2024-10-11,8,45.6
250,19,2024-04-29,3,173.52,2024-10-16,3,44.4
251,19,2024-04-30,3,173.52,2024-10-16,0,43.8
252,20,2024-04-30,3,216.93,2024-09-04,4,43.2
253,11,2024-04-30,3,64.26,2024-10-26,3,42.6
254,21,2024-05-01,3,237.42000000000002,2024-10-21,1,42.0
255,24,2024-05-02,3,133.85999999999999,2024-11-02,0,41.4
256,4,2024-05-02,8,570.0,2024-09-21,23,40.8
257,9,2024-05-03,8,925.52,2024-11-06,0,39.2
258,11,2024-05-04,3,64.26,2024-10-26,0,37.6
259,15,2024-05-04,2,94.3,2024-11-03,0,37.0
260,1,2024-05-04,7,1044.12,2024-10-10,0,36.6
261,22,2024-05-05,1,31.52,2024-10-30,0,35.199999999999996
262,6,2024-05-05,8,823.04,2024-11-01,6,35.0
263,17,2024-05-05,3,259.86,2024-10-26,0,33.4
264,6,2024-05-05,6,617.28,2024-11-01,0,32.800000000000004
265,14,2024-05-05,3,34.32,2024-09-28,0,31.6
266,23,2024-05-05,3,409.91999999999996,2024-10-07,4,31.0
267,2,2024-05-06,8,498.24,2024-10-16,21,30.4
268,21,2024-05-07,1,79.14,2024-10-21,9,84.0
269,12,2024-05-07,3,106.97999999999999,2024-11-08,6,83.8
270,25,2024-05-07,3,325.62,2024-12-15,0,83.2
271,11,2024-05-07,3,64.26,2024-11-28,6,82.6
272,5,2024-05-07,8,626.88,2024-11-12,32,82.0
273,21,2024-05-08,3,237.42000000000002,2024-12-04,6,80.4
274,5,2024-05-09,8,626.88,2024-11-12,24,79.80000000000001
275,30,2024-05-10,1,26.93,2024-10-07,3,78.2
276,30,2024-05-11,1,26.93,2024-11-15,2,78.0
277,16,2024-05-11,3,340.95000000000005,2024-11-22,0,77.8
278,18,2024-05-11,3,259.71,2024-11-14,2,77.2
279,24,2024-05-11,3,133.85999999999999,2024-12-08,6,76.6
280,8,2024-05-12,2,178.7,2024-09-22,32,76.0
281,8,2024-05-12,6,536.0999999999999,2024-11-02,26,76.0
282,9,2024-05-12,8,925.52,2024-12-15,6,74.4
283,20,2024-05-13,3,216.93,2024-09-30,7,72.8
284,15,2024-05-13,3,141.45,2024-11-09,2,72.2
285,19,2024-05-13,3,173.52,2024-11-02,3,71.6
286,28,2024-05-14,1,57.36,2024-12-06,0,71.0
287,5,2024-05-14,8,626.88,2024-11-26,16,70.8
288,13,2024-05-15,3,394.89,2024-11-23,4,69.19999999999999
289,23,2024-05-17,3,409.91999999999996,2024-10-28,7,68.60000000000001
290,23,2024-05-18,1,136.64,2024-10-28,6,68.0
291,23,2024-05-18,3,409.91999999999996,2024-12-07,3,67.80000000000001
292,17,2024-05-19,3,259.86,2024-11-02,3,67.2
293,6,2024-05-19,8,823.04,2024-11-07,14,66.60000000000001
294,4,2024-05-20,7,498.75,2024-09-21,40,65.0
295,4,2024-05-20,1,71.25,2024-11-07,39,65.0
296,18,2024-05-21,2,173.14,2024-11-14,0,63.4
297,7,2024-05-21,8,361.92,2024-08-09,44,63.0
298,5,2024-05-22,8,626.88,2024-11-26,8,61.4
299,5,2024-05-24,8,626.88,2024-11-26,0,59.8
300,24,2024-05-25,3,133.85999999999999,2024-12-08,3,58.199999999999996
301,8,2024-05-25,8,714.8,2024-10-17,18,57.599999999999994
302,22,2024-05-25,3,94.56,2024-12-01,1,56.00000000000001
303,14,2024-05-27,3,34.32,2024-12-24,4,55.400000000000006
304,12,2024-05-27,3,106.97999999999999,2024-12-03,3,54.800000000000004
305,30,2024-05-27,1,26.93,2024-11-15,1,54.2
306,7,2024-05-29,8,361.92,2024-08-09,36,54.0
307,14,2024-05-30,3,34.32,2024-12-24,1,52.400000000000006
308,10,2024-05-30,8,1090.8,2024-12-15,2,51.800000000000004
309,24,2024-05-31,3,133.85999999999999,2024-12-08,0,50.2
310,22,2024-05-31,1,31.52,2024-12-01,0,49.6
311,7,2024-05-31,8,361.92,2024-08-09,28,49.4
312,9,2024-06-01,6,694.14,2024-12-15,0,47.8
313,6,2024-06-01,8,823.04,2024-11-07,6,46.6
314,12,2024-06-01,3,106.97999999999999,2024-12-03,0,45.0
315,30,2024-06-01,1,26.93,2024-12-24,0,44.4
316,17,2024-06-01,3,259.86,2024-11-02,0,44.2
317,10,2024-06-02,2,272.7,2024-12-15,0,43.6
318,23,2024-06-02,3,409.91999999999996,2024-12-07,0,43.2
319,4,2024-06-02,8,570.0,2024-11-03,31,42.6
320,11,2024-06-03,3,64.26,2024-11-28,6,41.0
321,23,2024-06-04,3,409.91999999999996,2025-01-02,7,85.0
322,12,2024-06-04,3,106.97999999999999,2025-01-16,6,84.39999999999999
323,19,2024-06-06,3,173.52,2024-11-02,3,83.8
324,16,2024-06-06,3,340.95000000000005,2024-12-05,0,83.2
325,29,2024-06-06,1,19.66,2024-12-31,0,82.6
326,20,2024-06-07,1,72.31,2024-09-30,9,82.39999999999999
327,20,2024-06-07,2,144.62,2024-12-08,7,82.39999999999999
328,24,2024-06-08,3,133.85999999999999,2024-12-05,6,81.8
329,28,2024-06-08,1,57.36,2024-12-10,0,81.2
330,21,2024-06-08,3,237.42000000000002,2024-12-04,7,81.0
331,22,2024-06-08,3,94.56,2025-01-18,1,80.4
332,24,2024-06-08,3,133.85999999999999,2024-12-05,3,79.80000000000001
333,13,2024-06-09,3,394.89,2024-11-23,4,79.2
334,5,2024-06-09,8,626.88,2024-12-30,32,78.60000000000001
335,26,2024-06-11,1,65.16,2024-10-08,0,77.0
336,17,2024-06-12,3,259.86,2025-01-21,3,76.8
337,5,2024-06-12,8,626.88,2024-12-30,24,76.2
338,10,2024-06-13,8,1090.8,2024-12-03,2,74.6
339,11,2024-06-14,3,64.26,2024-11-28,3,73.0
340,22,2024-06-15,1,31.52,2025-01-18,0,72.39999999999999
341,18,2024-06-15,3,259.71,2024-12-12,2,72.2
342,24,2024-06-15,3,133.85999999999999,2024-12-05,0,71.6
343,4,2024-06-15,8,570.0,2024-11-03,39,71.0
344,25,2024-06-16,3,325.62,2024-12-18,0,69.39999999999999
345,21,2024-06-16,3,237.42000000000002,2024-12-04,4,68.8
346,18,2024-06-16,2,173.14,2024-12-12,0,68.2
347,7,2024-06-17,4,180.96,2024-08-09,48,67.80000000000001
348,7,2024-06-17,4,180.96,2024-11-18,44,67.80000000000001
349,17,2024-06-18,3,259.86,2025-01-21,0,66.2
350,27,2024-06-19,1,35.49,2024-11-05,1,65.60000000000001
351,21,2024-06-20,3,237.42000000000002,2025-01-15,1,65.4
352,3,2024-06-20,8,413.2,2024-09-24,29,64.8
353,27,2024-06-21,1,35.49,2024-11-26,0,63.2
354,8,2024-06-21,8,714.8,2024-10-17,26,63.0
355,8,2024-06-22,8,714.8,2024-11-02,18,61.4
356,14,2024-06-22,1,11.44,2024-12-24,6,59.8
357,8,2024-06-22,2,178.7,2024-11-02,16,59.599999999999994
358,12,2024-06-23,3,106.97999999999999,2025-01-16,3,59.199999999999996
359,15,2024-06-23,2,94.3,2024-11-09,3,58.599999999999994
360,3,2024-06-23,5,258.25,2024-09-24,24,58.199999999999996
361,3,2024-06-23,3,154.95,2024-11-09,21,58.199999999999996
362,10,2024-06-24,2,272.7,2024-12-03,0,56.599999999999994
363,2,2024-06-24,5,311.4,2024-10-16,24,56.2
364,2,2024-06-24,3,186.84,2025-01-18,21,56.2
365,23,2024-06-25,3,409.91999999999996,2025-01-02,4,54.6
366,12,2024-06-26,3,106.97999999999999,2025-01-16,0,54.0
367,5,2024-06-27,8,626.88,2024-12-30,16,53.400000000000006
368,23,2024-06-28,3,409.91999999999996,2025-01-02,1,51.800000000000004
369,21,2024-06-28,1,79.14,2025-01-15,0,51.2
370,5,2024-06-28,8,626.88,2024-12-30,8,51.0
371,2,2024-06-29,8,498.24,2024-12-22,13,49.4
372,13,2024-06-30,1,131.63,2024-11-23,3,47.8
373,5,2024-06-30,8,626.88,2024-12-30,0,47.599999999999994
374,3,2024-07-01,8,413.2,2024-11-07,29,46.0
375,30,2024-07-02,1,26.93,2025-01-03,3,84.0
376,10,2024-07-02,8,1090.8,2025-01-07,2,83.8
377,28,2024-07-02,1,57.36,2024-12-29,0,82.19999999999999
378,27,2024-07-02,1,35.49,2025-02-17,1,82.0
379,11,2024-07-02,3,64.26,2025-01-25,6,81.8
380,13,2024-07-03,3,394.89,2024-12-07,4,81.2
381,21,2024-07-03,3,237.42000000000002,2025-01-29,7,80.60000000000001
382,8,2024-07-03,8,714.8,2025-01-25,26,80.0
383,27,2024-07-04,1,35.49,2025-02-17,0,78.4
384,1,2024-07-04,8,1193.28,2024-12-07,23,78.2
385,17,2024-07-05,3,259.86,2025-02-22,3,76.6
386,25,2024-07-05,3,325.62,2025-01-08,0,76.0
387,17,2024-07-05,3,259.86,2025-02-22,0,75.4
388,6,2024-07-05,6,617.28,2024-11-07,16,74.8
389,13,2024-07-06,3,394.89,2025-01-21,1,73.6
390,2,2024-07-06,8,498.24,2024-12-22,21,73.0
391,16,2024-07-07,3,340.95000000000005,2025-02-03,0,71.39999999999999
392,14,2024-07-08,3,34.32,2024-12-28,4,70.8
393,11,2024-07-08,3,64.26,2025-02-18,3,70.19999999999999
394,18,2024-07-08,3,259.71,2025-01-28,2,69.6
395,13,2024-07-09,1,131.63,2025-01-21,0,69.0
396,24,2024-07-09,3,133.85999999999999,2025-01-26,6,68.8
397,6,2024-07-10,8,823.04,2024-12-10,8,68.2
398,12,2024-07-11,3,106.97999999999999,2025-02-26,6,66.60000000000001
399,8,2024-07-11,8,714.8,2025-01-25,18,66.0
400,3,2024-07-12,8,413.2,2024-11-07,21,64.4
401,20,2024-07-13,3,216.93,2024-12-04,7,62.8
402,22,2024-07-14,3,94.56,2025-02-12,1,62.2
403,7,2024-07-14,8,361.92,2024-11-09,44,61.6
404,7,2024-07-14,8,361.92,2024-11-09,36,60.0
405,29,2024-07-15,1,19.66,2025-01-26,0,58.4
406,15,2024-07-15,2,94.3,2025-01-13,3,58.199999999999996
407,9,2024-07-16,8,925.52,2024-12-31,6,57.8
408,18,2024-07-17,2,173.14,2025-01-28,0,56.2
409,11,2024-07-17,3,64.26,2025-02-18,0,55.800000000000004
410,9,2024-07-17,6,694.14,2024-12-31,0,55.2
411,2,2024-07-20,5,311.4,2025-01-18,16,54.0
412,15,2024-07-20,3,141.45,2025-01-29,0,53.0
413,3,2024-07-20,5,258.25,2024-11-09,16,52.400000000000006
414,1,2024-07-20,8,1193.28,2024-12-07,15,51.4
415,7,2024-07-21,4,180.96,2024-11-18,32,49.8
416,7,2024-07-21,4,180.96,2025-01-12,28,49.8
417,4,2024-07-21,8,570.0,2024-11-07,39,48.199999999999996
418,24,2024-07-22,3,133.85999999999999,2025-01-26,3,46.6
419,26,2024-07-22,1,65.16,2025-02-09,0,46.0
420,8,2024-07-22,8,714.8,2025-02-23,10,45.800000000000004
421,14,2024-07-23,3,34.32,2024-12-28,1,44.2
422,4,2024-07-23,8,570.0,2024-11-07,31,43.6
423,14,2024-07-24,1,11.44,2025-01-07,0,42.0
424,30,2024-07-24,1,26.93,2025-01-03,2,41.8
425,8,2024-07-24,8,714.8,2025-02-23,2,41.6
426,22,2024-07-26,1,31.52,2025-02-12,0,40.0
427,8,2024-07-26,2,178.7,2025-02-23,0,39.800000000000004
428,3,2024-07-27,8,413.2,2025-01-12,8,39.4
429,20,2024-07-28,3,216.93,2024-12-04,4,37.8
430,19,2024-07-29,3,173.52,2024-12-11,3,37.2
431,24,2024-07-29,3,133.85999999999999,2025-01-26,0,36.6
432,12,2024-07-30,3,106.97999999999999,2025-02-26,3,36.0
433,20,2024-07-31,1,72.31,2024-12-08,3,35.4
434,19,2024-07-31,3,173.52,2025-01-18,0,35.199999999999996
435,5,2024-08-01,8,626.88,2025-01-04,32,34.599999999999994
436,21,2024-08-02,3,237.42000000000002,2025-01-29,4,33.0
437,7,2024-08-02,8,361.92,2024-12-24,20,32.4
438,7,2024-08-03,8,361.92,2024-12-24,12,30.8
439,10,2024-08-04,2,272.7,2025-01-07,0,29.2
440,21,2024-08-04,3,237.42000000000002,2025-01-29,1,28.799999999999997
441,3,2024-08-05,8,413.2,2025-01-12,29,28.199999999999996
442,2,2024-08-07,8,498.24,2025-02-20,21,84.0
443,1,2024-08-08,8,1193.28,2024-12-07,23,82.39999999999999
444,11,2024-08-09,3,64.26,2025-04-01,6,80.80000000000001
445,27,2024-08-10,1,35.49,2025-02-10,1,80.2
446,9,2024-08-10,8,925.52,2025-02-20,6,80.0
447,21,2024-08-10,1,79.14,2025-01-29,9,78.4
448,4,2024-08-10,7,498.75,2024-11-07,40,78.2
449,4,2024-08-10,1,71.25,2025-02-11,39,78.2
450,3,2024-08-11,8,413.2,2025-03-30,21,76.6
451,10,2024-08-11,8,1090.8,2025-03-13,2,75.0
452,12,2024-08-12,3,106.97999999999999,2025-02-03,6,73.4
453,17,2024-08-13,3,259.86,2025-04-02,3,72.8
454,2,2024-08-14,8,498.24,2025-02-20,13,72.2
455,6,2024-08-16,8,823.04,2024-12-10,14,70.6
456,11,2024-08-17,3,64.26,2025-04-01,3,69.0
457,1,2024-08-17,7,1044.12,2024-12-07,16,68.4
458,21,2024-08-17,3,237.42000000000002,2025-03-01,6,67.0
459,23,2024-08-17,1,136.64,2025-01-02,9,66.4
460,4,2024-08-17,8,570.0,2024-12-05,31,66.2
461,21,2024-08-18,3,237.42000000000002,2025-03-01,3,64.60000000000001
462,23,2024-08-18,3,409.91999999999996,2025-02-20,6,64.0
463,23,2024-08-18,3,409.91999999999996,2025-02-20,3,63.4
464,16,2024-08-18,3,340.95000000000005,2025-02-19,0,62.8
465,12,2024-08-18,3,106.97999999999999,2025-02-03,3,62.2
466,29,2024-08-18,1,19.66,2025-03-01,0,61.6
467,9,2024-08-21,6,694.14,2025-02-20,0,61.4
468,12,2024-08-23,3,106.97999999999999,2025-02-26,0,60.199999999999996
469,8,2024-08-23,8,714.8,2025-02-24,26,59.599999999999994
470,4,2024-08-24,8,570.0,2024-12-05,23,57.99999999999999
471,21,2024-08-24,3,237.42000000000002,2025-03-01,0,56.39999999999999
472,17,2024-08-24,3,259.86,2025-04-02,0,55.800000000000004
473,8,2024-08-24,8,714.8,2025-02-24,18,55.2
474,7,2024-08-27,8,361.92,2024-12-24,44,53.6
475,13,2024-08-28,3,394.89,2025-02-04,4,52.0
476,15,2024-08-28,3,141.45,2025-03-11,2,51.4
477,8,2024-09-01,8,714.8,2025-02-24,10,50.8
478,13,2024-09-01,3,394.89,2025-02-04,1,49.2
479,27,2024-09-01,1,35.49,2025-02-10,0,48.6
480,23,2024-09-01,3,409.91999999999996,2025-02-20,0,48.4
481,14,2024-09-02,3,34.32,2025-02-25,4,47.8
482,10,2024-09-03,2,272.7,2025-03-13,8,85.0
483,12,2024-09-03,3,106.97999999999999,2025-04-04,6,84.6
484,15,2024-09-03,2,94.3,2025-03-11,3,84.0
485,17,2024-09-03,3,259.86,2025-04-13,3,83.6
486,25,2024-09-05,3,325.62,2025-02-04,0,83.0
487,26,2024-09-06,1,65.16,2025-02-07,0,82.39999999999999
488,20,2024-09-06,3,216.93,2025-02-16,7,82.19999999999999
489,15,2024-09-06,3,141.45,2025-03-31,0,81.6
490,12,2024-09-07,3,106.97999999999999,2025-04-04,3,81.0
491,19,2024-09-07,3,173.52,2025-03-01,3,80.4
492,23,2024-09-09,3,409.91999999999996,2025-03-20,7,79.80000000000001
493,19,2024-09-10,3,173.52,2025-03-01,0,79.2
494,14,2024-09-10,3,34.32,2025-02-25,1,78.60000000000001
495,22,2024-09-10,3,94.56,2025-03-08,1,78.0
496,4,2024-09-12,7,498.75,2025-02-11,40,77.4
497,4,2024-09-12,1,71.25,2025-04-03,39,77.4
498,14,2024-09-13,1,11.44,2025-02-25,0,75.8
499,12,2024-09-13,3,106.97999999999999,2025-04-04,0,75.6
500,7,2024-09-13,4,180.96,2025-01-12,48,75.0
501,7,2024-09-13,4,180.96,2025-04-24,44,75.0
502,8,2024-09-14,8,714.8,2025-02-24,26,73.4
503,23,2024-09-16,3,409.91999999999996,2025-03-20,4,71.8
504,9,2024-09-16,8,925.52,2025-04-16,6,71.2
505,9,2024-09-17,6,694.14,2025-04-16,0,69.6
506,3,2024-09-18,8,413.2,2025-03-15,29,68.4
507,29,2024-09-19,1,19.66,2025-03-03,0,66.8
508,1,2024-09-19,8,1193.28,2025-03-07,23,66.60000000000001
509,7,2024-09-20,8,361.92,2025-03-03,36,65.0
510,22,2024-09-21,1,31.52,2025-03-08,0,63.4
511,17,2024-09-21,3,259.86,2025-04-13,0,63.2
512,3,2024-09-22,8,413.2,2025-03-15,21,62.6
513,21,2024-09-22,3,237.42000000000002,2025-04-14,7,61.0
514,3,2024-09-22,8,413.2,2025-03-30,13,60.4
515,18,2024-09-23,3,259.71,2025-03-06,2,58.8
516,23,2024-09-24,3,409.91999999999996,2025-03-20,1,58.199999999999996
517,16,2024-09-24,3,340.95000000000005,2025-03-29,0,57.599999999999994
518,1,2024-09-26,7,1044.12,2025-03-07,16,56.99999999999999
519,4,2024-09-27,8,570.0,2025-03-23,31,55.60000000000001
520,8,2024-09-28,2,178.7,2025-02-24,24,54.0
521,5,2024-09-28,8,626.88,2025-01-04,32,53.6
522,6,2024-09-28,8,823.04,2025-03-14,14,52.0
523,1,2024-09-29,8,1193.28,2025-03-22,8,50.4
524,6,2024-09-29,6,617.28,2025-03-14,8,48.8
525,18,2024-09-30,2,173.14,2025-03-06,0,47.599999999999994
526,21,2024-09-30,3,237.42000000000002,2025-04-14,4,47.199999999999996
527,5,2024-09-30,8,626.88,2025-01-04,24,46.6
528,4,2024-10-01,8,570.0,2025-03-23,23,45.0
529,2,2024-10-01,8,498.24,2025-02-21,21,43.4
530,3,2024-10-02,8,413.2,2025-03-30,5,41.8
531,24,2024-10-03,3,133.85999999999999,2025-03-25,6,40.2
532,13,2024-10-03,1,131.63,2025-02-04,6,39.6
533,3,2024-10-03,5,258.25,2025-03-30,0,39.4
534,27,2024-10-04,1,35.49,2025-03-15,1,38.4
535,11,2024-10-04,3,64.26,2025-04-01,6,38.2
536,23,2024-10-05,1,136.64,2025-03-20,0,37.6
537,28,2024-10-05,1,57.36,2025-03-19,0,37.4
538,4,2024-10-05,8,570.0,2025-04-03,15,37.2
539,20,2024-10-05,3,216.93,2025-03-25,4,35.6
540,5,2024-10-05,8,626.88,2025-01-04,16,35.0
541,27,2024-10-05,1,35.49,2025-03-15,0,33.4
542,1,2024-10-05,8,1193.28,2025-03-22,0,33.2
543,11,2024-10-06,3,64.26,2025-04-03,3,31.6
544,6,2024-10-06,8,823.04,2025-03-22,0,31.0
545,5,2024-10-06,8,626.88,2025-01-04,8,29.4
546,7,2024-10-07,8,361.92,2025-03-03,44,27.800000000000004
547,26,2024-10-07,1,65.16,2025-05-06,0,84.0
548,13,2024-10-08,3,394.89,2025-04-16,4,83.8
549,19,2024-10-09,3,173.52,2025-04-25,3,83.2
550,7,2024-10-10,8,361.92,2025-03-03,36,82.6
551,10,2024-10-11,8,1090.8,2025-03-30,2,81.0
552,13,2024-10-12,3,394.89,2025-04-16,1,79.4
553,28,2024-10-12,1,57.36,2025-04-18,0,78.8
554,23,2024-10-12,3,409.91999999999996,2025-04-15,7,78.60000000000001
555,24,2024-10-13,3,133.85999999999999,2025-03-25,6,78.0
556,10,2024-10-13,2,272.7,2025-04-06,0,77.4
557,16,2024-10-13,3,340.95000000000005,2025-04-16,0,77.0
558,8,2024-10-14,8,714.8,2025-04-15,26,76.4
559,7,2024-10-16,8,361.92,2025-03-03,28,74.8
560,4,2024-10-17,8,570.0,2025-04-03,39,73.2
561,7,2024-10-18,8,361.92,2025-03-03,20,71.6
562,25,2024-10-19,3,325.62,2025-05-09,0,70.0
563,27,2024-10-19,1,35.49,2025-05-19,1,69.39999999999999
564,27,2024-10-19,1,35.49,2025-05-19,0,69.19999999999999
565,8,2024-10-19,8,714.8,2025-04-15,18,69.0
566,24,2024-10-20,3,133.85999999999999,2025-03-25,3,67.4
567,20,2024-10-20,3,216.93,2025-03-25,7,66.8
568,4,2024-10-20,7,498.75,2025-04-03,32,66.2
569,8,2024-10-21,8,714.8,2025-04-15,10,64.8
570,29,2024-10-22,1,19.66,2025-04-09,0,63.2
571,2,2024-10-22,5,311.4,2025-02-21,24,63.0
572,2,2024-10-22,3,186.84,2025-05-02,21,63.0
573,24,2024-10-24,3,133.85999999999999,2025-05-14,0,61.4
574,20,2024-10-24,1,72.31,2025-03-25,6,60.8
575,11,2024-10-25,3,64.26,2025-04-03,6,60.6
576,6,2024-10-25,8,823.04,2025-05-28,14,60.0
577,30,2024-10-26,1,26.93,2025-01-03,3,58.4
578,18,2024-10-26,3,259.71,2025-05-29,2,58.199999999999996
579,3,2024-10-26,8,413.2,2025-04-26,29,57.599999999999994
580,21,2024-10-26,3,237.42000000000002,2025-04-07,7,56.00000000000001
581,22,2024-10-26,3,94.56,2025-04-17,1,55.400000000000006
582,4,2024-10-27,8,570.0,2025-04-16,24,54.800000000000004
583,14,2024-10-28,3,34.32,2025-05-16,4,53.2
584,8,2024-10-28,8,714.8,2025-05-13,2,52.6
585,15,2024-10-29,3,141.45,2025-04-14,2,51.0
586,21,2024-10-29,3,237.42000000000002,2025-04-07,4,50.4
587,2,2024-10-30,8,498.24,2025-03-19,13,49.8
588,5,2024-10-31,8,626.88,2025-03-21,32,48.199999999999996
589,23,2024-11-02,3,409.91999999999996,2025-04-15,4,46.6
590,2,2024-11-02,8,498.24,2025-03-19,5,46.0
591,21,2024-11-02,3,237.42000000000002,2025-04-14,1,44.4
592,12,2024-11-03,3,106.97999999999999,2025-05-04,6,43.8
593,13,2024-11-03,1,131.63,2025-04-25,0,43.2
594,17,2024-11-03,3,259.86,2025-04-11,3,43.0
595,3,2024-11-03,8,413.2,2025-04-26,21,42.4
596,28,2024-11-04,1,57.36,2025-06-26,0,40.8
597,3,2024-11-04,8,413.2,2025-04-26,29,85.39999999999999
598,29,2024-11-06,1,19.66,2025-06-23,0,83.8
599,1,2024-11-06,8,1193.28,2025-06-03,23,83.6
600,4,2024-11-08,8,570.0,2025-04-16,39,82.0
601,27,2024-11-09,1,35.49,2025-07-02,1,80.4
602,22,2024-11-09,1,31.52,2025-04-17,3,80.2
603,26,2024-11-09,1,65.16,2025-05-20,0,80.0
604,11,2024-11-09,3,64.26,2025-04-21,6,79.80000000000001
605,9,2024-11-09,8,925.52,2025-04-17,6,79.2
606,3,2024-11-09,8,413.2,2025-04-26,21,77.60000000000001
607,3,2024-11-10,5,258.25,2025-04-26,16,76.0
608,12,2024-11-10,3,106.97999999999999,2025-05-04,6,75.0
609,2,2024-11-10,5,311.4,2025-05-02,24,74.4
610,24,2024-11-11,3,133.85999999999999,2025-05-21,6,73.4
611,14,2024-11-12,3,34.32,2025-05-16,4,72.8
612,22,2024-11-12,3,94.56,2025-06-12,0,72.2
613,3,2024-11-12,8,413.2,2025-05-24,8,71.6
614,8,2024-11-13,2,178.7,2025-05-13,32,70.0
615,12,2024-11-13,3,106.97999999999999,2025-05-04,3,69.6
616,24,2024-11-14,3,133.85999999999999,2025-05-21,3,69.0
617,10,2024-11-14,8,1090.8,2025-06-03,2,68.4
618,24,2024-11-15,3,133.85999999999999,2025-05-21,0,66.8
619,7,2024-11-16,4,180.96,2025-04-24,48,66.2
620,7,2024-11-16,4,180.96,2025-06-26,44,66.2
621,4,2024-11-17,8,570.0,2025-04-16,31,64.60000000000001
622,10,2024-11-17,2,272.7,2025-06-03,0,63.0
623,14,2024-11-17,1,11.44,2025-05-16,3,62.6
624,3,2024-11-17,8,413.2,2025-05-24,0,62.4
625,30,2024-11-18,1,26.93,2025-01-03,3,60.8
626,21,2024-11-18,1,79.14,2025-04-14,9,60.6
627,18,2024-11-18,2,173.14,2025-05-29,3,60.4
628,19,2024-11-19,3,173.52,2025-04-25,3,60.0
629,27,2024-11-20,1,35.49,2025-07-02,0,59.4
630,25,2024-11-20,3,325.62,2025-06-18,0,59.199999999999996
631,11,2024-11-21,3,64.26,2025-04-21,3,58.599999999999994
632,6,2024-11-22,8,823.04,2025-05-17,14,57.99999999999999
633,11,2024-11-23,3,64.26,2025-06-01,0,56.39999999999999
634,12,2024-11-23,3,106.97999999999999,2025-06-09,0,55.800000000000004
635,17,2024-11-23,3,259.86,2025-04-11,3,55.2
636,7,2024-11-23,8,361.92,2025-04-24,36,54.6
637,20,2024-11-24,3,216.93,2025-04-18,7,53.0
638,17,2024-11-24,3,259.86,2025-05-20,0,52.400000000000006
639,7,2024-11-25,8,361.92,2025-04-24,28,51.800000000000004
640,30,2024-11-26,1,26.93,2025-02-17,2,50.2
641,18,2024-11-26,3,259.71,2025-06-30,0,50.0
642,21,2024-11-26,3,237.42000000000002,2025-07-02,6,49.4
643,2,2024-11-26,8,498.24,2025-06-15,16,48.8
644,20,2024-11-27,3,216.93,2025-04-18,4,47.199999999999996
645,9,2024-11-29,6,694.14,2025-04-17,0,46.6
646,8,2024-11-30,8,714.8,2025-06-06,24,45.4
647,14,2024-11-30,3,34.32,2025-06-06,0,43.8
648,13,2024-11-30,3,394.89,2025-05-29,4,43.2
649,4,2024-11-30,8,570.0,2025-04-16,23,42.6
650,6,2024-12-01,8,823.04,2025-05-28,6,41.0
651,13,2024-12-01,3,394.89,2025-05-29,1,39.4
652,23,2024-12-01,3,409.91999999999996,2025-04-15,7,38.800000000000004
653,15,2024-12-01,2,94.3,2025-04-14,3,38.2
654,16,2024-12-01,3,340.95000000000005,2025-05-20,0,37.8
655,21,2024-12-01,3,237.42000000000002,2025-07-02,3,37.2
656,1,2024-12-01,8,1193.28,2025-06-03,15,36.6
657,30,2024-12-01,1,26.93,2025-02-17,1,35.0
658,15,2024-12-02,2,94.3,2025-06-05,3,34.8
659,28,2024-12-02,1,57.36,2025-06-27,0,85.2
660,10,2024-12-02,8,1090.8,2025-06-28,2,85.0
661,21,2024-12-03,3,237.42000000000002,2025-07-02,7,83.39999999999999
662,8,2024-12-03,8,714.8,2025-06-06,26,82.8
663,16,2024-12-03,3,340.95000000000005,2025-06-30,0,81.2
664,25,2024-12-03,3,325.62,2025-06-28,0,80.60000000000001
665,8,2024-12-04,8,714.8,2025-06-06,18,80.0
666,23,2024-12-04,1,136.64,2025-04-15,9,78.4
667,23,2024-12-04,2,273.28,2025-07-24,7,78.4
668,22,2024-12-04,3,94.56,2025-06-09,1,77.8
669,17,2024-12-04,3,259.86,2025-07-15,3,77.2
670,26,2024-12-05,1,65.16,2025-07-02,0,76.6
671,9,2024-12-05,8,925.52,2025-06-28,6,76.4
672,22,2024-12-06,1,31.52,2025-06-09,0,74.8
673,9,2024-12-06,6,694.14,2025-06-28,0,74.6
674,11,2024-12-07,3,64.26,2025-06-29,6,73.4
675,6,2024-12-07,6,617.28,2025-05-28,16,72.8
676,6,2024-12-07,8,823.04,2025-07-14,8,71.6
677,27,2024-12-08,1,35.49,2025-05-31,1,70.0
678,8,2024-12-08,8,714.8,2025-06-06,10,69.8
679,6,2024-12-09,8,823.04,2025-07-14,0,68.2
680,18,2024-12-09,3,259.71,2025-06-04,2,66.60000000000001
681,15,2024-12-10,3,141.45,2025-06-21,0,66.0
682,1,2024-12-10,8,1193.28,2025-06-03,23,65.4
683,19,2024-12-11,3,173.52,2025-06-23,3,63.800000000000004
684,29,2024-12-11,1,19.66,2025-06-30,0,63.2
685,14,2024-12-11,3,34.32,2025-06-12,4,63.0
686,24,2024-12-12,3,133.85999999999999,2025-06-20,6,62.4
687,27,2024-12-12,1,35.49,2025-05-31,0,61.8
688,20,2024-12-12,3,216.93,2025-05-22,7,61.6
689,8,2024-12-13,8,714.8,2025-06-19,2,61.0
690,20,2024-12-14,1,72.31,2025-05-22,6,59.4
691,4,2024-12-14,8,570.0,2025-06-10,39,59.199999999999996
692,1,2024-12-14,7,1044.12,2025-06-03,16,57.599999999999994
693,10,2024-12-15,2,272.7,2025-06-28,0,56.2
694,2,2024-12-15,8,498.24,2025-06-15,21,55.800000000000004
695,18,2024-12-15,2,173.14,2025-06-04,0,54.2
696,30,2024-12-15,1,26.93,2025-05-31,3,53.800000000000004
697,14,2024-12-15,3,34.32,2025-06-12,1,53.6
698,1,2024-12-16,8,1193.28,2025-07-17,8,53.0
699,19,2024-12-16,3,173.52,2025-07-04,0,51.4
700,13,2024-12-16,1,131.63,2025-05-29,6,50.8
701,11,2024-12-17,3,64.26,2025-06-29,3,50.6
702,4,2024-12-17,8,570.0,2025-06-10,31,50.0
703,17,2024-12-18,3,259.86,2025-07-15,0,48.4
704,24,2024-12-18,3,133.85999999999999,2025-06-20,3,47.8
705,4,2024-12-18,7,498.75,2025-06-10,24,47.199999999999996
706,20,2024-12-21,3,216.93,2025-06-13,3,45.800000000000004
707,5,2024-12-21,8,626.88,2025-05-07,32,45.2
708,30,2024-12-21,1,26.93,2025-05-31,2,43.6
709,12,2024-12-21,3,106.97999999999999,2025-07-22,6,43.4
710,12,2024-12-22,3,106.97999999999999,2025-07-22,3,42.8
711,3,2024-12-22,8,413.2,2025-06-15,29,42.199999999999996
712,11,2024-12-22,3,64.26,2025-06-29,0,40.6
713,8,2024-12-22,2,178.7,2025-06-19,0,40.0
714,13,2024-12-23,3,394.89,2025-06-16,3,39.6
715,20,2024-12-23,3,216.93,2025-06-13,0,39.0
716,7,2024-12-24,8,361.92,2025-06-19,44,38.4
717,7,2024-12-24,8,361.92,2025-06-19,36,36.8
718,13,2024-12-25,3,394.89,2025-06-16,0,35.199999999999996
719,1,2024-12-25,8,1193.28,2025-07-17,0,34.599999999999994
720,2,2024-12-26,8,498.24,2025-06-15,13,33.0
721,30,2024-12-27,1,26.93,2025-05-31,1,31.4
722,7,2024-12-28,8,361.92,2025-06-19,28,31.2
723,23,2024-12-28,3,409.91999999999996,2025-05-22,4,29.599999999999998
724,3,2024-12-28,8,413.2,2025-06-15,21,28.999999999999996
725,3,2024-12-28,8,413.2,2025-06-15,13,27.400000000000002
726,7,2024-12-30,8,361.92,2025-06-26,20,25.8
